after_exam_125_Hz,after_exam_250_Hz,after_exam_500_Hz,after_exam_1000_Hz,after_exam_2000_Hz,after_exam_4000_Hz,after_exam_8000_Hz
48.17427315493495,44.51560179189256,34.356023958342874,53.54274104801936,52.332996390077284,54.22985034335119,54.19018644611748
55.40685458727969,51.728707975992535,41.43192343623592,60.292241322702374,53.44787390949426,60.84017898139044,60.917223850254246
56.375589674180894,52.642808247054845,42.32035466365714,61.12989369362832,53.47367511048885,61.64590865839963,61.72958667668002
