after_exam_125_Hz,after_exam_250_Hz,after_exam_500_Hz,after_exam_1000_Hz,after_exam_2000_Hz,after_exam_4000_Hz,after_exam_8000_Hz
48.17427315493495,44.51560179189256,34.356023958342874,53.54274104801936,52.332996390077284,54.22985034335119,54.19018644611748
49.434816283262045,46.09556488438602,35.94373264582812,54.69740951854831,52.71565853286251,55.83137151867667,55.85869999675196
51.28176598240127,47.49812703018961,37.30241295050046,56.48903477673073,54.86974050774053,57.15396934769932,57.15657867074108
52.50064932657607,48.98640716280559,38.76662975397225,57.77928420992453,53.370470306510484,58.422989950362876,58.480135370976896
54.43811950037848,50.81460770493022,40.5434922088147,59.45458895177642,53.42207270849967,60.034449304381255,60.10486102382846
55.40685458727969,51.728707975992535,41.43192343623592,60.292241322702374,53.44787390949426,60.84017898139044,60.917223850254246
